Name	Chr	Start	End	Size	Duplications	BpSeq
tandemDuplication1	2a	1261	1270	10	5	ATATAATCAGATATAATCAG
tandemDuplication2	1a	2582	2591	10	6	TAACTCCTTTTAACTCCTTT
tandemDuplication3	2b	790	799	10	6	TATATGTCGGTATATGTCGG
tandemDuplication4	3b	1844	1853	10	2	CTTCGCTTCACTTCGCTTCA
tandemDuplication5	2b	2372	2381	10	9	TCCCTTTTGCTCCCTTTTGC
tandemDuplication6	1b	4866	4875	10	8	GATCGAACCAGATCGAACCA
tandemDuplication7	2a	2813	2822	10	3	GCAACGTCTAGCAACGTCTA
tandemDuplication8	2a	1305	1314	10	4	ATAAACGCCCATAAACGCCC
tandemDuplication9	2b	3368	3377	10	5	ACCTAGACCTACCTAGACCT
tandemDuplication10	3b	3155	3164	10	5	TAGGAAATCATAGGAAATCA
tandemDuplication11	2b	1294	1303	10	8	GTAGGGTACGGTAGGGTACG
tandemDuplication12	1b	1938	1947	10	5	CACATCAAGGCACATCAAGG
tandemDuplication13	3a	321	330	10	8	GGCCCACCGAGGCCCACCGA
tandemDuplication14	2b	3847	3856	10	5	CCTCGACCTGCCTCGACCTG
tandemDuplication15	3b	4278	4287	10	9	GCAGCTTGTAGCAGCTTGTA
tandemDuplication16	3a	3597	3606	10	7	CCTCGGCGGACCTCGGCGGA
tandemDuplication17	3a	3351	3360	10	7	CGCTATGCGTCGCTATGCGT
tandemDuplication18	4a	1839	1848	10	8	TAGTGTGTTCTAGTGTGTTC
tandemDuplication19	2a	2675	2684	10	9	GTAACTTGGCGTAACTTGGC
tandemDuplication20	3b	841	850	10	9	GTACTTTGCGGTACTTTGCG
tandemDuplication21	1b	2846	2855	10	7	AAGCTAACGTAAGCTAACGT
tandemDuplication22	2b	5231	5240	10	8	GGTAGTACTAGGTAGTACTA
tandemDuplication23	1a	1486	1495	10	2	CTAAACAACACTAAACAACA
tandemDuplication24	1a	6297	6306	10	7	CCCGTACGCTCCCGTACGCT
tandemDuplication25	4a	638	647	10	8	CAGTTGGCGGCAGTTGGCGG
tandemDuplication26	2a	4633	4642	10	2	ATCTCTTAAAATCTCTTAAA
tandemDuplication27	3b	1323	1332	10	10	TTTCAACCGCTTTCAACCGC
tandemDuplication28	3b	1381	1390	10	8	TGCTTACCATTGCTTACCAT
tandemDuplication29	3b	2265	2274	10	2	TCAGCTGCCGTCAGCTGCCG
tandemDuplication30	1a	2960	2969	10	9	TCTACGTATGTCTACGTATG
